time_stamp,value,onset_s,block,trial
333284.93859336665,main_block_0_start,197.3068681920995,,
333284.93865716667,"sequence_D,H,R,P,H,Z,Q,K,E,H,H,K,M,U,H,H,Q,N,T,H,H,F,H,H,C,H,B,W,Z,H,L,H,O,E,J,L,H,R,F,B,H,Y,J,L,P,H,P,X",197.30693199211964,,
333284.9386813667,"targets_1,4,9,10,14,15,19,20,22,23,25,29,31,36,40,45",197.3069561921293,,
333284.9467772667,main_block_0_trial_0_on,197.31505209213356,0.0,0.0
333287.9579659656,resp_False,200.32624079106608,,
333287.9580078656,corr_True,200.32628269103589,,
333287.9580135656,trial_0_end,200.3262883910793,,
333287.9580306656,main_block_0_trial_1_on,200.32630549103487,0.0,1.0
333290.41319926473,resp_True,202.7814740901813,,
333290.41323856474,corr_True,202.7815133901895,,
333290.41324556473,rt_0.446,202.7815203901846,,
333290.41324926476,trial_1_end,202.78152409021277,,
333290.4132726647,main_block_0_trial_2_on,202.78154749015812,0.0,2.0
333293.4205763637,resp_False,205.78885118913604,,
333293.4206143637,corr_True,205.78888918913435,,
333293.42061916366,trial_2_end,205.7888939891127,,
333293.4206364637,main_block_0_trial_3_on,205.788911289128,0.0,3.0
333296.4302980626,resp_False,208.79857288807398,,
333296.43033096264,corr_True,208.79860578809166,,
333296.4303360626,trial_3_end,208.7986108880723,,
333296.4303507626,main_block_0_trial_4_on,208.7986255880678,0.0,4.0
333298.83911576174,resp_True,211.20739058719482,,
333298.83914646175,corr_True,211.20742128719576,,
333298.83915426175,rt_0.401,211.20742908719694,,
333298.8391580618,trial_4_end,211.20743288722588,,
333298.83918466175,main_block_0_trial_5_on,211.2074594871956,0.0,5.0
333301.84745426074,resp_False,214.2157290861942,,
333301.84749146074,corr_True,214.2157662861864,,
333301.8474975607,trial_5_end,214.21577238617465,,
333301.84751496074,main_block_0_trial_6_on,214.21578978619073,0.0,6.0
333304.85774715967,resp_False,217.22602198511595,,
333304.85777725966,corr_True,217.22605208511231,,
333304.8577823597,trial_6_end,217.22605718515115,,
333304.85779915965,main_block_0_trial_7_on,217.22607398510445,0.0,7.0
333307.8666840586,resp_False,220.23495888407342,,
333307.8667225586,corr_True,220.23499738407554,,
333307.8667282586,trial_7_end,220.23500308406074,,
333307.8667442586,main_block_0_trial_8_on,220.23501908406615,0.0,8.0
333310.8751086576,resp_False,223.2433834830299,,
333310.8751396576,corr_True,223.24341448303312,,
333310.87514465756,trial_8_end,223.24341948301299,,
333310.87516045757,main_block_0_trial_9_on,223.24343528301688,0.0,9.0
333313.3182842567,resp_True,225.6865590821253,,
333313.3183141567,corr_True,225.68658898217836,,
333313.3183209567,rt_0.437,225.68659578217193,,
333313.3183244567,trial_9_end,225.68659928214038,,
333313.3183501567,main_block_0_trial_10_on,225.68662498216145,0.0,10.0
333316.0581761558,resp_True,228.42645098123467,,
333316.05820255575,corr_True,228.42647738120286,,
333316.0582086558,rt_0.735,228.4264834812493,,
333316.05821215577,trial_10_end,228.42648698121775,,
333316.0582362558,main_block_0_trial_11_on,228.42651108122664,0.0,11.0
333319.06465925474,resp_False,231.43293408019235,,
333319.0646928547,corr_True,231.43296768015716,,
333319.06469825475,trial_11_end,231.43297308019828,,
333319.0647148547,main_block_0_trial_12_on,231.43298968015006,0.0,12.0
333322.0747014537,resp_False,234.44297627912601,,
333322.07473735366,corr_True,234.44301217910834,,
333322.0747423537,trial_12_end,234.4430171791464,,
333322.07475945365,main_block_0_trial_13_on,234.443034279102,0.0,13.0
333325.08525385265,resp_False,237.45352867810288,,
333325.0852863526,corr_True,237.45356117805932,,
333325.08529135265,trial_13_end,237.4535661780974,,
333325.08530615264,main_block_0_trial_14_on,237.45358097809367,0.0,14.0
333327.46204985183,resp_True,239.8303246772848,,
333327.46208005183,corr_True,239.83035487728193,,
333327.4620867518,rt_0.371,239.83036157727474,,
333327.4620902518,trial_14_end,239.8303650772432,,
333327.4621153518,main_block_0_trial_15_on,239.8303901772597,0.0,15.0
333329.93098395097,resp_True,242.29925877641654,,
333329.9310153509,corr_True,242.2992901763646,,
333329.93102255097,rt_0.463,242.29929737641942,,
333329.93102625094,trial_15_end,242.29930107638938,,
333329.93105215096,main_block_0_trial_16_on,242.29932697641198,0.0,16.0
333332.9371323499,resp_False,245.30540717532858,,
333332.9371722499,corr_True,245.30544707534136,,
333332.9371821499,trial_16_end,245.30545697535854,,
333332.9372100499,main_block_0_trial_17_on,245.30548487533815,0.0,17.0
333335.9479405488,resp_False,248.31621537427418,,
333335.9479775489,corr_True,248.31625237432308,,
333335.94798254885,trial_17_end,248.31625737430295,,
333335.94800004887,main_block_0_trial_18_on,248.3162748743198,0.0,18.0
333338.9594734478,resp_False,251.32774827326648,,
333338.9595068478,corr_True,251.32778167322977,,
333338.9595135478,trial_18_end,251.32778837322257,,
333338.9595304478,main_block_0_trial_19_on,251.32780527323484,0.0,19.0
333341.33955794695,resp_True,253.70783277240116,,
333341.3395895469,corr_True,253.70786437235074,,
333341.3395971469,rt_0.374,253.7078719723504,,
333341.33960214694,trial_19_end,253.70787697238848,,
333341.3396294469,main_block_0_trial_20_on,253.70790427236352,0.0,20.0
333343.81966934603,resp_True,256.18794417148456,,
333343.81969564606,corr_True,256.1879704715102,,
333343.81970214605,rt_0.476,256.1879769715015,,
333343.8197057461,trial_20_end,256.1879805715289,,
333343.819729646,main_block_0_trial_21_on,256.18800447147805,0.0,21.0
333346.826654845,resp_False,259.19492967042606,,
333346.826687945,corr_True,259.1949627704453,,
333346.826693045,trial_21_end,259.1949678704259,,
333346.826708345,main_block_0_trial_22_on,259.194983170426,0.0,22.0
333349.2108086442,resp_True,261.57908346963814,,
333349.2108371442,corr_True,261.5791119696223,,
333349.2108448442,rt_0.377,261.57911966962274,,
333349.2108483442,trial_22_end,261.5791231696494,,
333349.21087394416,main_block_0_trial_23_on,261.5791487696115,0.0,23.0
333351.58261214336,resp_True,263.9508869688143,,
333351.5826445434,corr_True,263.9509193688282,,
333351.5826537434,rt_0.368,263.95092856884,,
333351.58265754336,trial_23_end,263.95093236881075,,
333351.58268174337,main_block_0_trial_24_on,263.9509565688204,0.0,24.0
333354.5930309423,resp_False,266.9613057677634,,
333354.59306484234,corr_True,266.9613396677887,,
333354.5930704423,trial_24_end,266.96134526777314,,
333354.5930865423,main_block_0_trial_25_on,266.9613613677793,0.0,25.0
333356.9540014415,resp_True,269.322276266932,,
333356.95402854146,corr_True,269.32230336690554,,
333356.95403524145,rt_0.354,269.32231006689835,,
333356.9540402414,trial_25_end,269.3223150668782,,
333356.95408084145,main_block_0_trial_26_on,269.3223556668963,0.0,26.0
333359.9640731404,resp_False,272.3323479658575,,
333359.9641080404,corr_True,272.3323828658322,,
333359.9641131404,trial_26_end,272.332387965871,,
333359.9641288404,main_block_0_trial_27_on,272.33240366587415,0.0,27.0
333362.97412523936,resp_False,275.3424000648083,,
333362.9741576394,corr_True,275.3424324648222,,
333362.97416263935,trial_27_end,275.34243746480206,,
333362.97417893936,main_block_0_trial_28_on,275.34245376480976,0.0,28.0
333365.9808568383,resp_False,278.34913166373735,,
333365.9808925383,corr_True,278.34916736377636,,
333365.9808980383,trial_28_end,278.34917286376003,,
333365.9809127383,main_block_0_trial_29_on,278.34918756375555,0.0,29.0
333368.3630700375,resp_True,280.7313448629575,,
333368.3631071375,corr_True,280.73138196294894,,
333368.3631140375,rt_0.375,280.7313888629433,,
333368.3631177375,trial_29_end,280.73139256297145,,
333368.3631437375,main_block_0_trial_30_on,280.7314185629366,0.0,30.0
333371.3719637364,resp_False,283.74023856187705,,
333371.37199953647,corr_True,283.7402743619168,,
333371.37200493645,trial_30_end,283.7402797618997,,
333371.3720236365,main_block_0_trial_31_on,283.7402984619257,0.0,31.0
333373.7463972356,resp_True,286.1146720610559,,
333373.74642733566,corr_True,286.1147021611105,,
333373.74643363565,rt_0.367,286.11470846110024,,
333373.7464379356,trial_31_end,286.11471276107477,,
333373.74646283564,main_block_0_trial_32_on,286.11473766108975,0.0,32.0
333376.75880503457,resp_False,289.12707986001624,,
333376.7588372346,corr_True,289.1271120600286,,
333376.75884293456,trial_32_end,289.1271177600138,,
333376.75885913457,main_block_0_trial_33_on,289.1271339600207,0.0,33.0
333379.7649770335,resp_False,292.13325185893336,,
333379.76501093345,corr_True,292.13328575890046,,
333379.7650160335,trial_33_end,292.1332908589393,,
333379.7650308335,main_block_0_trial_34_on,292.13330565893557,0.0,34.0
333382.7740803324,resp_False,295.1423551578773,,
333382.77411263244,corr_True,295.14238745789044,,
333382.7741177324,trial_34_end,295.14239255787106,,
333382.7741337324,main_block_0_trial_35_on,295.1424085578765,0.0,35.0
333385.7815957314,resp_False,298.1498705568374,,
333385.7816320314,corr_True,298.1499068568228,,
333385.78163763136,trial_35_end,298.1499124568072,,
333385.7816552314,main_block_0_trial_36_on,298.1499300568248,0.0,36.0
333388.17068823054,resp_True,300.5389630559948,,
333388.17072043056,corr_True,300.5389952560072,,
333388.17072933057,rt_0.383,300.53900415601674,,
333388.17073443055,trial_36_end,300.53900925599737,,
333388.1707620306,main_block_0_trial_37_on,300.5390368560329,0.0,37.0
333391.1777293295,resp_False,303.54600415495224,,
333391.1777615295,corr_True,303.5460363549646,,
333391.1777664295,trial_37_end,303.5460412549437,,
333391.17778112955,main_block_0_trial_38_on,303.5460559549974,0.0,38.0
333394.18536582845,resp_False,306.55364065390313,,
333394.1853999285,corr_True,306.55367475392995,,
333394.18540502846,trial_38_end,306.5536798539106,,
333394.18542142847,main_block_0_trial_39_on,306.55369625391904,0.0,39.0
333397.19242762745,resp_False,309.56070245290175,,
333397.1924597274,corr_True,309.56073455285514,,
333397.19246522745,trial_39_end,309.560740052897,,
333397.1924815274,main_block_0_trial_40_on,309.5607563528465,0.0,40.0
333399.73690022656,resp_True,312.1051750520128,,
333399.73693112656,corr_True,312.10520595201524,,
333399.73693792656,rt_0.538,312.1052127520088,,
333399.73694222653,trial_40_end,312.10521705198335,,
333399.7369703266,main_block_0_trial_41_on,312.1052451520227,0.0,41.0
333402.74841272546,resp_False,315.11668755090795,,
333402.74845102546,corr_True,315.11672585090855,,
333402.74845642544,trial_41_end,315.11673125089146,,
333402.74847292545,main_block_0_trial_42_on,315.1167477509007,0.0,42.0
333405.75613602437,resp_False,318.1244108498213,,
333405.7561703244,corr_True,318.12444514984963,,
333405.7561754244,trial_42_end,318.12445024983026,,
333405.7561912244,main_block_0_trial_43_on,318.12446604983415,0.0,43.0
333408.76120952336,resp_False,321.129484348814,,
333408.76124582335,corr_True,321.12952064879937,,
333408.76125172334,trial_43_end,321.1295265487861,,
333408.76128532336,main_block_0_trial_44_on,321.1295601488091,0.0,44.0
333411.7668993223,resp_False,324.1351741477265,,
333411.7669357223,corr_True,324.13521054777084,,
333411.7669444223,trial_44_end,324.1352192477789,,
333411.7669610223,main_block_0_trial_45_on,324.13523584773066,0.0,45.0
333414.3558490214,resp_True,326.72412384685595,,
333414.3558809214,corr_True,326.724155746866,,
333414.3558877214,rt_0.581,326.7241625468596,,
333414.35589362145,trial_45_end,326.7241684469045,,
333414.3559194214,main_block_0_trial_46_on,326.72419424686814,0.0,46.0
333417.36233222036,resp_False,329.7306070458144,,
333417.3623647204,corr_True,329.73063954582904,,
333417.36236982036,trial_46_end,329.73064464580966,,
333417.36238572036,main_block_0_trial_47_on,329.7306605458143,0.0,47.0
333420.37447381933,resp_False,332.742748644785,,
333420.37450751936,corr_True,332.7427823448088,,
333420.37451241934,trial_47_end,332.7427872447879,,
333420.3745173193,main_block_0_end,332.742792144767,,
333420.3745259193,main_block_0_accuracy_1.00,332.7428007447743,,
333436.22277181374,main_block_1_start,348.59104663919425,,
333436.22280291375,"sequence_U,U,B,L,T,I,J,E,I,N,T,V,N,T,I,N,U,Z,E,O,S,E,Z,H,P,W,H,J,S,H,W,S,Z,E,S,Z,X,S,Z,O,S,Q,F,S,C,L,P,C",348.5910777391982,,
333436.2228147137,"targets_8,12,13,15,21,26,29,31,34,35,37,38,40,43,47",348.59108953917166,,
333436.22888091375,main_block_1_trial_0_on,348.597155739204,1.0,0.0
333439.2361651127,resp_False,351.6044399381499,,
333439.2361962127,corr_True,351.60447103815386,,
333439.2362012127,trial_0_end,351.6044760381337,,
333439.2362174127,main_block_1_trial_1_on,351.60449223814066,1.0,1.0
333442.24002371164,resp_False,354.60829853708856,,
333442.24005631165,corr_True,354.60833113710396,,
333442.24006141163,trial_1_end,354.6083362370846,,
333442.24007761164,main_block_1_trial_2_on,354.6083524370915,1.0,2.0
333445.2474757106,resp_False,357.61575053603156,,
333445.2475085106,corr_True,357.6157833360485,,
333445.2475135106,trial_2_end,357.61578833602834,,
333445.2475304106,main_block_1_trial_3_on,357.6158052360406,1.0,3.0
333448.2532001096,resp_False,360.6214749350329,,
333448.25323490956,corr_True,360.62150973500684,,
333448.25323950953,trial_3_end,360.62151433498366,,
333448.25325780956,main_block_1_trial_4_on,360.6215326350066,1.0,4.0
333451.2586665085,resp_False,363.62694133393234,,
333451.2586982085,corr_True,363.6269730339409,,
333451.2587030085,trial_4_end,363.62697783397743,,
333451.2587175085,main_block_1_trial_5_on,363.62699233397143,1.0,5.0
333454.2689396075,resp_False,366.63721443293616,,
333454.2689762075,corr_True,366.6372510329238,,
333454.26898150746,trial_5_end,366.63725633290596,,
333454.2690007075,main_block_1_trial_6_on,366.63727553293575,1.0,6.0
333457.2754258064,resp_False,369.64370063185925,,
333457.2754575064,corr_True,369.6437323318678,,
333457.2754628064,trial_6_end,369.64373763184994,,
333457.2754791064,main_block_1_trial_7_on,369.64375393185765,1.0,7.0
333460.28121970536,resp_False,372.6494945308077,,
333460.2812537054,corr_True,372.6495285308338,,
333460.28125910537,trial_7_end,372.6495339308167,,
333460.28127490537,main_block_1_trial_8_on,372.6495497308206,1.0,8.0
333463.2872453043,resp_False,375.65552012977423,,
333463.2872792043,corr_False,375.6555540297413,,
333463.28728480433,trial_8_end,375.65555962978397,,
333463.2873037043,main_block_1_trial_9_on,375.65557852975326,1.0,9.0
333465.29353100364,resp_True,377.66180582909146,,
333465.2935597036,corr_False,377.66183452907717,,
333465.29356940364,rt_0.000,377.6618442290928,,
333465.2935748036,trial_9_end,377.66184962907573,,
333465.2935961036,main_block_1_trial_10_on,377.6618709290633,1.0,10.0
333468.3090786026,resp_False,380.67735342803644,,
333468.30911420257,corr_True,380.6773890280165,,
333468.30911930255,trial_10_end,380.6773941279971,,
333468.30913510255,main_block_1_trial_11_on,380.677409928001,1.0,11.0
333471.3199077015,resp_False,383.68818252696656,,
333471.31994950154,corr_True,383.6882243269938,,
333471.31995630154,trial_11_end,383.6882311269874,,
333471.31997300155,main_block_1_trial_12_on,383.6882478269981,1.0,12.0
333474.3262797005,resp_False,386.6945545259514,,
333474.3263173005,corr_False,386.69459212594666,,
333474.3263231005,trial_12_end,386.6945979259326,,
333474.3263402005,main_block_1_trial_13_on,386.6946150259464,1.0,13.0
333476.7406178996,resp_True,389.1088927250239,,
333476.7406576996,corr_True,389.1089325250359,,
333476.7406646996,rt_0.408,389.108939525031,,
333476.7406685996,trial_13_end,389.1089434250607,,
333476.7406949996,main_block_1_trial_14_on,389.1089698250289,1.0,14.0
333479.74700209853,resp_False,392.1152769239852,,
333479.74703529855,corr_True,392.1153101240052,,
333479.74704069854,trial_14_end,392.1153155239881,,
333479.74705529853,main_block_1_trial_15_on,392.11533012398286,1.0,15.0
333482.7532818975,resp_False,395.1215567229665,,
333482.7533167975,corr_False,395.1215916229412,,
333482.7533217975,trial_15_end,395.12159662297927,,
333482.7533388975,main_block_1_trial_16_on,395.12161372293485,1.0,16.0
333484.7606097968,resp_True,397.1288846222451,,
333484.7606518968,corr_False,397.1289267222746,,
333484.7606597968,rt_0.000,397.1289346222766,,
333484.7606648968,trial_16_end,397.1289397222572,,
333484.7606840968,main_block_1_trial_17_on,397.1289589222288,1.0,17.0
333487.7825389958,resp_False,400.15081382123753,,
333487.78257409576,corr_True,400.15084892121376,,
333487.78257949575,trial_17_end,400.1508543211967,,
333487.78259469575,main_block_1_trial_18_on,400.150869521196,1.0,18.0
333490.7884054947,resp_False,403.15668032015674,,
333490.7884351947,corr_True,403.15671002015006,,
333490.78843979473,trial_18_end,403.1567146201851,,
333490.78845509473,main_block_1_trial_19_on,403.15672992018517,1.0,19.0
333493.79436859366,resp_False,406.162643419113,,
333493.7944082937,corr_True,406.16268311912427,,
333493.7944157937,trial_19_end,406.16269061912317,,
333493.79445149365,main_block_1_trial_20_on,406.16272631910397,1.0,20.0
333496.80599149264,resp_False,409.1742663180921,,
333496.80602859263,corr_True,409.1743034180836,,
333496.8060336926,trial_20_end,409.1743085180642,,
333496.8060491926,main_block_1_trial_21_on,409.1743240180658,1.0,21.0
333499.21331019176,resp_True,411.58158501720754,,
333499.21333899174,corr_True,411.581613817194,,
333499.21334549173,rt_0.399,411.5816203171853,,
333499.21334879176,trial_21_end,411.5816236172104,,
333499.2133748917,main_block_1_trial_22_on,411.58164971717633,1.0,22.0
333502.2200455907,resp_False,414.5883204161655,,
333502.2200827907,corr_True,414.58835761615774,,
333502.2200897907,trial_22_end,414.58836461615283,,
333502.2201102907,main_block_1_trial_23_on,414.5883851161343,1.0,23.0
333505.22582178965,resp_False,417.5940966150956,,
333505.2258571896,corr_True,417.59413201507414,,
333505.22586228966,trial_23_end,417.59413711511297,,
333505.22587808967,main_block_1_trial_24_on,417.59415291511687,1.0,24.0
333508.2317123886,resp_False,420.5999872140237,,
333508.2317449886,corr_True,420.6000198140391,,
333508.2317500886,trial_24_end,420.60002491407795,,
333508.2317652886,main_block_1_trial_25_on,420.6000401140773,1.0,25.0
333511.23825268756,resp_False,423.6065275130095,,
333511.23828368756,corr_True,423.6065585130127,,
333511.23828888754,trial_25_end,423.6065637129941,,
333511.23830398754,main_block_1_trial_26_on,423.60657881299267,1.0,26.0
333514.2457185865,resp_False,426.6139934119419,,
333514.2457516865,corr_False,426.61402651196113,,
333514.2457566865,trial_26_end,426.614031511941,,
333514.2457718865,main_block_1_trial_27_on,426.6140467119403,1.0,27.0
333517.25331658544,resp_False,429.6215914108907,,
333517.25334888545,corr_True,429.6216237109038,,
333517.25335388543,trial_27_end,429.62162871088367,,
333517.25337008544,main_block_1_trial_28_on,429.6216449108906,1.0,28.0
333520.2607622844,resp_False,432.6290371098439,,
333520.2607955844,corr_True,432.62907040986465,,
333520.2608005844,trial_28_end,432.6290754098445,,
333520.2608158844,main_block_1_trial_29_on,432.6290907098446,1.0,29.0
333522.77828608354,resp_True,435.1465609089937,,
333522.77831808355,corr_True,435.14659290900454,,
333522.77832548355,rt_0.511,435.1466003090027,,
333522.7783289835,trial_29_end,435.1466038089711,,
333522.77835558355,main_block_1_trial_30_on,435.14663040899904,1.0,30.0
333525.7849296825,resp_False,438.15320450795116,,
333525.7849660825,corr_True,438.1532409079373,,
333525.78497128247,trial_30_end,438.1532461079187,,
333525.7849884825,main_block_1_trial_31_on,438.15326330793323,1.0,31.0
333528.79325998144,resp_False,441.1615348068881,,
333528.7932958814,corr_False,441.1615707068704,,
333528.79330078146,trial_31_end,441.1615756069077,,
333528.79331688146,main_block_1_trial_32_on,441.1615917069139,1.0,32.0
333531.8014558804,resp_False,444.16973070584936,,
333531.8014942804,corr_True,444.1697691058507,,
333531.8015003804,trial_32_end,444.16977520583896,,
333531.8015175804,main_block_1_trial_33_on,444.1697924058535,1.0,33.0
333534.80730807927,resp_False,447.1755829047179,,
333534.80734547926,corr_True,447.17562030471163,,
333534.8073506793,trial_33_end,447.1756255047512,,
333534.8073670793,main_block_1_trial_34_on,447.1756419047597,1.0,34.0
333537.81385607825,resp_False,450.1821309037041,,
333537.81389137823,corr_False,450.18216620368185,,
333537.8138963782,trial_34_end,450.1821712036617,,
333537.8139117782,main_block_1_trial_35_on,450.18218660366256,1.0,35.0
333539.82036187756,resp_True,452.18863670300925,,
333539.82039157755,corr_True,452.18866640300257,,
333539.82040047756,rt_0.000,452.18867530301213,,
333539.82040617755,trial_35_end,452.1886810029973,,
333539.82042927755,main_block_1_trial_36_on,452.1887041029986,1.0,36.0
333542.83556847647,resp_False,455.2038433019188,,
333542.8356001765,corr_True,455.2038750019274,,
333542.8356056765,trial_36_end,455.20388050196925,,
333542.8356199765,main_block_1_trial_37_on,455.2038948019617,1.0,37.0
333545.8425240755,resp_False,458.2107989009237,,
333545.84255817544,corr_False,458.2108330008923,,
333545.8425635754,trial_37_end,458.2108384008752,,
333545.84258017543,main_block_1_trial_38_on,458.2108550008852,1.0,38.0
333548.84909087437,resp_False,461.2173656998202,,
333548.8491323744,corr_False,461.2174071998452,,
333548.8491380744,trial_38_end,461.2174128998304,,
333548.8491562744,main_block_1_trial_39_on,461.21743109985255,1.0,39.0
333551.85550637334,resp_False,464.22378119878704,,
333551.85553927335,corr_True,464.2238140988047,,
333551.85554427333,trial_39_end,464.2238190987846,,
333551.85556017334,main_block_1_trial_40_on,464.22383499878924,1.0,40.0
333554.64970787236,resp_True,467.01798269781284,,
333554.64973937237,corr_True,467.01801419781987,,
333554.64974697237,rt_0.788,467.01802179781953,,
333554.64975257235,trial_40_end,467.01802739780396,,
333554.64979607234,main_block_1_trial_41_on,467.01807089778595,1.0,41.0
333557.6553852713,resp_False,470.02366009674734,,
333557.6554172713,corr_True,470.02369209675817,,
333557.6554223713,trial_41_end,470.0236971967388,,
333557.6554377713,main_block_1_trial_42_on,470.02371259673964,1.0,42.0
333560.66026217025,resp_False,473.02853699569823,,
333560.6602904703,corr_True,473.0285652957391,,
333560.66029517027,trial_42_end,473.0285699957167,,
333560.66030957026,main_block_1_trial_43_on,473.0285843957099,1.0,43.0
333562.98213836947,resp_True,475.35041319491575,,
333562.98216546944,corr_True,475.35044029488927,,
333562.98217196943,rt_0.314,475.35044679488055,,
333562.98217566946,trial_43_end,475.3504504949087,,
333562.9822009695,main_block_1_trial_44_on,475.35047579492675,1.0,44.0
333565.9899668684,resp_False,478.3582416938734,,
333565.9900013684,corr_True,478.3582761938451,,
333565.9900063684,trial_44_end,478.35828119382495,,
333565.99002126843,main_block_1_trial_45_on,478.3582960938802,1.0,45.0
333568.9971527674,resp_False,481.3654275928275,,
333568.99718996737,corr_True,481.3654647928197,,
333568.99719636736,trial_45_end,481.3654711928102,,
333568.9972135674,main_block_1_trial_46_on,481.3654883928248,1.0,46.0
333572.0034164663,resp_False,484.37169129174436,,
333572.0034463663,corr_True,484.3717211917392,,
333572.0034512663,trial_46_end,484.3717260917765,,
333572.0034678663,main_block_1_trial_47_on,484.3717426917283,1.0,47.0
333574.5018331654,resp_True,486.8701079908642,,
333574.5018634654,corr_True,486.8701382908621,,
333574.5018704654,rt_0.491,486.8701452908572,,
333574.5018858654,trial_47_end,486.87016069085803,,
333574.50189076544,main_block_1_end,486.87016559089534,,
333574.5018960654,main_block_1_accuracy_0.79,486.8701708908775,,
333639.2441626428,"question_How_focused_did_you_feel?
(1_=_not_at_all,_5_=_very_focused)_resp_2",551.6124374682549,,
333641.12451394217,"question_How_difficult_was_this_block?
(1_=_very_easy,_5_=_very_hard)_resp_5",553.4927887676167,,
333643.2168970415,"question_Did_you_understand_the_task?
(y_=_yes,_n_=_no)_resp_y",555.5851718669292,,
333644.9633822408,"question_Do_you_feel_ready_to_continue?
(y_=_yes,_n_=_no)_resp_y",557.3316570662428,,
333651.04679863865,main_block_2_start,563.4150734641007,,
333651.04682803864,"sequence_N,N,N,R,A,A,Q,Q,Q,W,H,G,J,W,B,E,A,L,L,L,X,C,Z,T,T,T,H,R,F,C,L,T,R,R,J,F,F,T,T,T,E,P,S,S,S,A,N,K",563.4151028640918,,
333651.0468416387,"targets_1,2,5,7,8,18,19,24,25,33,36,38,39,43,44",563.4151164641371,,
333651.05224033864,main_block_2_trial_0_on,563.4205151640926,2.0,0.0
333654.0586013376,resp_False,566.4268761630519,,
333654.0586349376,corr_True,566.426909763075,,
333654.0586403376,trial_0_end,566.4269151630579,,
333654.0586554376,main_block_2_trial_1_on,566.4269302630564,2.0,1.0
333656.4627658368,resp_True,568.8310406622477,,
333656.4627959368,corr_True,568.831070762244,,
333656.4628039368,rt_0.399,568.8310787622468,,
333656.4628075368,trial_1_end,568.8310823622742,,
333656.4628326368,main_block_2_trial_2_on,568.8311074622325,2.0,2.0
333658.9261685359,resp_True,571.2944433613447,,
333658.92619683594,corr_True,571.2944716613856,,
333658.92620383593,rt_0.459,571.2944786613807,,
333658.9262075359,trial_2_end,571.2944823613507,,
333658.9262342359,main_block_2_trial_3_on,571.2945090613794,2.0,3.0
333661.93408193486,resp_False,574.3023567603086,,
333661.9341166349,corr_True,574.30239146034,,
333661.9341219349,trial_3_end,574.3023967603222,,
333661.9341382349,main_block_2_trial_4_on,574.3024130603299,2.0,4.0
333664.94641553384,resp_False,577.314690359286,,
333664.94644763385,corr_True,577.3147224592976,,
333664.94645293383,trial_4_end,577.3147277592798,,
333664.94647003384,main_block_2_trial_5_on,577.3147448592936,2.0,5.0
333667.342367033,resp_True,579.710641858459,,
333667.342395333,corr_True,579.7106701584416,,
333667.342402333,rt_0.391,579.7106771584367,,
333667.342406333,trial_5_end,579.7106811584672,,
333667.342433833,main_block_2_trial_6_on,579.7107086584438,2.0,6.0
333670.349686032,resp_False,582.717960857437,,
333670.349722232,corr_True,582.7179970574216,,
333670.34972773195,trial_6_end,582.7180025574053,,
333670.34974343196,main_block_2_trial_7_on,582.7180182574084,2.0,7.0
333672.6656504311,resp_True,585.0339252565755,,
333672.6656813311,corr_True,585.0339561565779,,
333672.6656886311,rt_0.311,585.0339634565753,,
333672.66569223115,trial_7_end,585.0339670566027,,
333672.66571693117,main_block_2_trial_8_on,585.0339917566162,2.0,8.0
333675.1473990303,resp_True,587.5156738557271,,
333675.14742793026,corr_True,587.5157027557143,,
333675.14743453026,rt_0.476,587.5157093557063,,
333675.1474382303,trial_8_end,587.5157130557345,,
333675.1474637303,main_block_2_trial_9_on,587.5157385557541,2.0,9.0
333678.1532665292,resp_False,590.5215413546539,,
333678.1533000292,corr_True,590.5215748546761,,
333678.1533058292,trial_9_end,590.5215806546621,,
333678.1533206292,main_block_2_trial_10_on,590.5215954546584,2.0,10.0
333681.15822912817,resp_False,593.5265039536171,,
333681.15825932816,corr_True,593.5265341536142,,
333681.1582651282,trial_10_end,593.5265399536584,,
333681.1582791282,main_block_2_trial_11_on,593.5265539536485,2.0,11.0
333684.1701528271,resp_False,596.5384276525583,,
333684.17018712714,corr_True,596.5384619525867,,
333684.1701923271,trial_11_end,596.538467152568,,
333684.1702088271,main_block_2_trial_12_on,596.5384836525773,2.0,12.0
333687.1760053261,resp_False,599.5442801515455,,
333687.1760369261,corr_True,599.5443117515533,,
333687.1760423261,trial_12_end,599.5443171515362,,
333687.1760586261,main_block_2_trial_13_on,599.5443334515439,2.0,13.0
333690.18364492495,resp_False,602.5519197504036,,
333690.183678325,corr_True,602.5519531504251,,
333690.18368342496,trial_13_end,602.5519582504057,,
333690.18369872496,main_block_2_trial_14_on,602.5519735504058,2.0,14.0
333693.19230512396,resp_False,605.5605799494078,,
333693.1923317239,corr_True,605.5606065493776,,
333693.1923369239,trial_14_end,605.5606117493589,,
333693.1923528239,main_block_2_trial_15_on,605.5606276493636,2.0,15.0
333696.1980070229,resp_False,608.5662818483543,,
333696.1980417229,corr_True,608.5663165483274,,
333696.19804702286,trial_15_end,608.5663218483096,,
333696.19806202286,main_block_2_trial_16_on,608.5663368483074,2.0,16.0
333699.20557342184,resp_False,611.5738482472952,,
333699.20561072184,corr_True,611.5738855472882,,
333699.2056166218,trial_16_end,611.573891447275,,
333699.20563282183,main_block_2_trial_17_on,611.5739076472819,2.0,17.0
333702.2119048208,resp_False,614.580179646262,,
333702.2119408208,corr_True,614.580215646245,,
333702.2119474208,trial_17_end,614.5802222462371,,
333702.2119638208,main_block_2_trial_18_on,614.5802386462456,2.0,18.0
333705.21591091977,resp_False,617.5841857452178,,
333705.21594531974,corr_False,617.5842201451887,,
333705.2159503197,trial_18_end,617.5842251451686,,
333705.2159654197,main_block_2_trial_19_on,617.5842402451672,2.0,19.0
333707.5917852189,resp_True,619.9600600443664,,
333707.5918158189,corr_True,619.9600906443666,,
333707.5918227189,rt_0.371,619.9600975443609,,
333707.59182661894,trial_19_end,619.9601014443906,,
333707.59185051895,main_block_2_trial_20_on,619.960125344398,2.0,20.0
333710.59746381786,resp_False,622.96573864331,,
333710.59750151786,corr_True,622.9657763433061,,
333710.5975075179,trial_20_end,622.9657823433517,,
333710.5975270179,main_block_2_trial_21_on,622.9658018433256,2.0,21.0
333713.6034039168,resp_False,625.9716787422658,,
333713.60343981686,corr_True,625.9717146423063,,
333713.60344511684,trial_21_end,625.9717199422885,,
333713.60346281686,main_block_2_trial_22_on,625.9717376423068,2.0,22.0
333716.6112064158,resp_False,628.9794812412583,,
333716.6112420158,corr_True,628.9795168412384,,
333716.61124721577,trial_22_end,628.9795220412198,,
333716.61126261577,main_block_2_trial_23_on,628.9795374412206,2.0,23.0
333719.61761261476,resp_False,631.9858874402125,,
333719.61764851474,corr_True,631.9859233401949,,
333719.61765671475,trial_23_end,631.9859315401991,,
333719.61767301476,main_block_2_trial_24_on,631.9859478402068,2.0,24.0
333722.0070367139,resp_True,634.3753115393338,,
333722.0070672139,corr_True,634.3753420393332,,
333722.0070739139,rt_0.384,634.375348739326,,
333722.00707751384,trial_24_end,634.3753523392952,,
333722.00710171385,main_block_2_trial_25_on,634.3753765393049,2.0,25.0
333724.44067951303,resp_True,636.8089543384849,,
333724.44071041304,corr_True,636.8089852384874,,
333724.44071791304,rt_0.430,636.8089927384863,,
333724.44072171306,trial_25_end,636.8089965385152,,
333724.44074411306,main_block_2_trial_26_on,636.8090189385111,2.0,26.0
333727.447072312,resp_False,639.8153471374535,,
333727.447107712,corr_True,639.815382537432,,
333727.447114012,trial_26_end,639.8153888374218,,
333727.447129612,main_block_2_trial_27_on,639.8154044374241,2.0,27.0
333730.45578071097,resp_False,642.8240555364173,,
333730.455812411,corr_True,642.8240872364258,,
333730.45581771096,trial_27_end,642.824092536408,,
333730.45583221095,main_block_2_trial_28_on,642.824107036402,2.0,28.0
333733.4631631099,resp_False,645.8314379353542,,
333733.4631966099,corr_True,645.8314714353764,,
333733.4632016099,trial_28_end,645.8314764353563,,
333733.4632186099,main_block_2_trial_29_on,645.8314934353693,2.0,29.0
333736.4697794088,resp_False,648.8380542342784,,
333736.4698161089,corr_True,648.838090934325,,
333736.46982230886,trial_29_end,648.838097134314,,
333736.4698391089,main_block_2_trial_30_on,648.8381139343255,2.0,30.0
333739.47749400773,resp_False,651.8457688331837,,
333739.47752910777,corr_True,651.8458039332181,,
333739.47753420775,trial_30_end,651.8458090331987,,
333739.47755000775,main_block_2_trial_31_on,651.8458248332026,2.0,31.0
333742.4854832067,resp_False,654.8537580321427,,
333742.48553400673,corr_True,654.8538088321802,,
333742.4855396067,trial_31_end,654.8538144321647,,
333742.4855729067,main_block_2_trial_32_on,654.8538477321272,2.0,32.0
333745.4922229057,resp_False,657.8604977311334,,
333745.4922608057,corr_True,657.8605356311309,,
333745.4922678057,trial_32_end,657.860542631126,,
333745.49228600564,main_block_2_trial_33_on,657.86056083109,2.0,33.0
333748.3646448047,resp_True,660.7329196301289,,
333748.3646768047,corr_True,660.7329516301397,,
333748.36468530464,rt_0.868,660.732960130088,,
333748.36468900467,trial_33_end,660.7329638301162,,
333748.36471610464,main_block_2_trial_34_on,660.7329909300897,2.0,34.0
333751.37215990364,resp_False,663.7404347290867,,
333751.3721932036,corr_True,663.7404680290492,,
333751.37219830364,trial_34_end,663.7404731290881,,
333751.37221440364,main_block_2_trial_35_on,663.7404892290942,2.0,35.0
333754.37851600256,resp_False,666.7467908280087,,
333754.3785494026,corr_True,666.7468242280302,,
333754.37855490256,trial_35_end,666.7468297280138,,
333754.37857010256,main_block_2_trial_36_on,666.7468449280132,2.0,36.0
333757.0365909016,resp_True,669.4048657270614,,
333757.03662440163,corr_True,669.4048992270837,,
333757.0366314016,rt_0.653,669.4049062270788,,
333757.03663470165,trial_36_end,669.4049095271039,,
333757.03665660165,main_block_2_trial_37_on,669.404931427096,2.0,37.0
333760.04366270057,resp_False,672.4119375260198,,
333760.0436985006,corr_True,672.4119733260595,,
333760.0437037006,trial_37_end,672.4119785260409,,
333760.0437194006,main_block_2_trial_38_on,672.411994226044,2.0,38.0
333762.39551699976,resp_True,674.7637918252149,,
333762.3955439998,corr_True,674.7638188252458,,
333762.3955504998,rt_0.348,674.7638253252371,,
333762.39555389975,trial_38_end,674.7638287252048,,
333762.3955791998,main_block_2_trial_39_on,674.7638540252228,2.0,39.0
333764.8101427989,resp_True,677.1784176243236,,
333764.8101747989,corr_True,677.1784496243345,,
333764.8101830989,rt_0.411,677.1784579243395,,
333764.8101870989,trial_39_end,677.1784619243699,,
333764.8102145989,main_block_2_trial_40_on,677.1784894243465,2.0,40.0
333767.8174807979,resp_False,680.1857556233299,,
333767.81751469785,corr_True,680.185789523297,,
333767.8175197978,trial_40_end,680.1857946232776,,
333767.81753539783,main_block_2_trial_41_on,680.18581022328,2.0,41.0
333770.8247752968,resp_False,683.1930501222378,,
333770.8248090968,corr_True,683.1930839222623,,
333770.8248148968,trial_41_end,683.1930897222483,,
333770.8248319968,main_block_2_trial_42_on,683.193106822262,2.0,42.0
333773.83129729575,resp_False,686.1995721212006,,
333773.8313319958,corr_True,686.199606821232,,
333773.83133809577,trial_42_end,686.1996129212203,,
333773.8313547958,main_block_2_trial_43_on,686.199629621231,2.0,43.0
333776.8367235947,resp_False,689.204998420144,,
333776.8367583947,corr_False,689.2050332201761,,
333776.8367637947,trial_43_end,689.205038620159,,
333776.8367791947,main_block_2_trial_44_on,689.2050540201599,2.0,44.0
333778.841005594,resp_True,691.2092804194544,,
333778.84104799404,corr_True,691.2093228194863,,
333778.84106249403,rt_0.000,691.2093373194803,,
333778.84107099404,trial_44_end,691.2093458194868,,
333778.841106394,main_block_2_trial_45_on,691.2093812194653,2.0,45.0
333781.854249393,resp_False,694.2225242184359,,
333781.85428549297,corr_True,694.2225603184197,,
333781.85429149296,trial_45_end,694.2225663184072,,
333781.85430799297,main_block_2_trial_46_on,694.2225828184164,2.0,46.0
333784.8612159919,resp_False,697.2294908173499,,
333784.8612498919,corr_True,697.2295247173752,,
333784.8612552919,trial_46_end,697.2295301173581,,
333784.8612709919,main_block_2_trial_47_on,697.2295458173612,2.0,47.0
333787.86826579086,resp_False,700.2365406163153,,
333787.86830189085,corr_True,700.2365767162992,,
333787.8683070909,trial_47_end,700.2365819163388,,
333787.8683132909,main_block_2_end,700.2365881163278,,
333787.8683210909,main_block_2_accuracy_0.96,700.236595916329,,
333851.5884697686,"question_How_focused_did_you_feel?
(1_=_not_at_all,_5_=_very_focused)_resp_1",763.9567445940338,,
333856.95557516674,"question_How_difficult_was_this_block?
(1_=_very_easy,_5_=_very_hard)_resp_1",769.3238499921863,,
333858.27950106625,"question_Did_you_understand_the_task?
(y_=_yes,_n_=_no)_resp_y",770.6477758917026,,
333859.4343721658,"question_Do_you_feel_ready_to_continue?
(y_=_yes,_n_=_no)_resp_y",771.8026469912729,,
333861.2312175652,main_block_3_start,773.5994923906401,,
333861.2312473652,"sequence_S,U,X,H,R,X,S,C,B,N,E,N,O,X,Q,X,Z,X,B,I,L,I,L,G,L,E,L,E,E,H,J,T,J,T,J,W,J,P,X,R,J,P,J,J,I,H,I,H",773.5995221906342,,
333861.2312591652,"targets_11,15,17,21,22,24,26,27,32,33,34,36,42,46,47",773.5995339906658,,
333861.2357399652,main_block_3_trial_0_on,773.6040147906751,3.0,0.0
333864.2433244641,resp_False,776.6115992895793,,
333864.24335986417,corr_True,776.611634689616,,
333864.24336546415,trial_0_end,776.6116402896005,,
333864.24338076415,main_block_3_trial_1_on,776.6116555896006,3.0,1.0
333867.2508790631,resp_False,779.6191538885469,,
333867.2509551631,corr_True,779.6192299885442,,
333867.2509611631,trial_1_end,779.6192359885317,,
333867.2509777631,main_block_3_trial_2_on,779.6192525885417,3.0,2.0
333870.25723326206,resp_False,782.6255080875126,,
333870.25726726203,corr_True,782.6255420874804,,
333870.25727216207,trial_2_end,782.6255469875177,,
333870.25728766207,main_block_3_trial_3_on,782.6255624875193,3.0,3.0
333873.264568261,resp_False,785.6328430864378,,
333873.264599861,corr_True,785.6328746864456,,
333873.26460496103,trial_3_end,785.6328797864844,,
333873.26462046104,main_block_3_trial_4_on,785.632895286486,3.0,4.0
333876.27042166,resp_False,788.6386964854319,,
333876.27045735996,corr_True,788.6387321854127,,
333876.27046425996,trial_4_end,788.638739085407,,
333876.27048005996,main_block_3_trial_5_on,788.6387548854109,3.0,5.0
333879.27609355893,resp_False,791.6443683843827,,
333879.27612495894,corr_True,791.644399784389,,
333879.2761305589,trial_5_end,791.6444053843734,,
333879.2761459589,main_block_3_trial_6_on,791.6444207843742,3.0,6.0
333882.28360365785,resp_False,794.6518784833024,,
333882.2836377579,corr_True,794.6519125833292,,
333882.28364305786,trial_6_end,794.6519178833114,,
333882.28365875786,main_block_3_trial_7_on,794.6519335833145,3.0,7.0
333885.2896450568,resp_False,797.6579198822728,,
333885.2896805568,corr_True,797.6579553822521,,
333885.28968615684,trial_7_end,797.6579609822948,,
333885.2897034568,main_block_3_trial_8_on,797.6579782822519,3.0,8.0
333888.2976659558,resp_False,800.6659407812404,,
333888.29770125577,corr_True,800.6659760812181,,
333888.29770685575,trial_8_end,800.6659816812025,,
333888.29772295576,main_block_3_trial_9_on,800.6659977812087,3.0,9.0
333891.3045402547,resp_False,803.67281508015,,
333891.3045743547,corr_True,803.6728491801769,,
333891.3045800547,trial_9_end,803.672854880162,,
333891.30460015475,main_block_3_trial_10_on,803.6728749801987,3.0,10.0
333894.31115235365,resp_False,806.6794271791005,,
333894.31119025365,corr_True,806.679465079098,,
333894.3111953537,trial_10_end,806.6794701791368,,
333894.3112123537,main_block_3_trial_11_on,806.6794871791499,3.0,11.0
333896.92562775273,resp_True,809.2939025781816,,
333896.92565435276,corr_True,809.2939291782095,,
333896.92566165276,rt_0.607,809.2939364782069,,
333896.9256653527,trial_11_end,809.2939401781769,,
333896.92569145275,main_block_3_trial_12_on,809.293966278201,3.0,12.0
333899.9322489517,resp_False,812.3005237771431,,
333899.9322824517,corr_True,812.3005572771654,,
333899.9322877517,trial_12_end,812.3005625771475,,
333899.9323035517,main_block_3_trial_13_on,812.3005783771514,3.0,13.0
333902.93951015064,resp_False,815.3077849760884,,
333902.93954205065,corr_True,815.3078168760985,,
333902.9395470506,trial_13_end,815.3078218760784,,
333902.93956575065,main_block_3_trial_14_on,815.3078405761044,3.0,14.0
333905.9458054496,resp_False,818.3140802750713,,
333905.9458387496,corr_True,818.3141135750338,,
333905.9458433496,trial_14_end,818.3141181750689,,
333905.9458584496,main_block_3_trial_15_on,818.3141332750674,3.0,15.0
333908.2935881488,resp_True,820.6618629742297,,
333908.2936194488,corr_True,820.6618942742352,,
333908.2936260488,rt_0.340,820.6619008742273,,
333908.2936365488,trial_15_end,820.661911374249,,
333908.29366334877,main_block_3_trial_16_on,820.6619381742203,3.0,16.0
333911.29983724776,resp_False,823.6681120732101,,
333911.2998705477,corr_True,823.6681453731726,,
333911.29987594776,trial_16_end,823.6681507732137,,
333911.2998926477,main_block_3_trial_17_on,823.6681674731662,3.0,17.0
333913.7448502469,resp_True,826.1131250723265,,
333913.7448815469,corr_True,826.113156372332,,
333913.7448883469,rt_0.439,826.1131631723256,,
333913.74489204685,trial_17_end,826.1131668722956,,
333913.74493034685,main_block_3_trial_18_on,826.1132051722961,3.0,18.0
333916.75297004584,resp_False,829.1212448712904,,
333916.75300814584,corr_True,829.1212829712895,,
333916.7530130458,trial_18_end,829.1212878712686,,
333916.7530295458,main_block_3_trial_19_on,829.1213043712778,3.0,19.0
333919.75924154476,resp_False,832.1275163702085,,
333919.7592756448,corr_True,832.1275504702353,,
333919.75928104477,trial_19_end,832.1275558702182,,
333919.75929564476,main_block_3_trial_20_on,832.127570470213,3.0,20.0
333922.7658455437,resp_False,835.1341203691554,,
333922.76588094374,corr_True,835.1341557691921,,
333922.7658864437,trial_20_end,835.1341612691758,,
333922.7659020437,main_block_3_trial_21_on,835.1341768691782,3.0,21.0
333925.7728903427,resp_False,838.141165168141,,
333925.77292534267,corr_False,838.1412001681165,,
333925.77293034265,trial_21_end,838.1412051680963,,
333925.77294614265,main_block_3_trial_22_on,838.1412209681002,3.0,22.0
333928.3418988417,resp_True,840.7101736671757,,
333928.34193024173,corr_True,840.710205067182,,
333928.3419373417,rt_0.562,840.7102121671778,,
333928.34194114176,trial_22_end,840.7102159672068,,
333928.3419677417,main_block_3_trial_23_on,840.7102425671765,3.0,23.0
333931.3473903407,resp_False,843.7156651661498,,
333931.3474223407,corr_True,843.7156971661607,,
333931.3474282407,trial_23_end,843.7157030661474,,
333931.3474438407,main_block_3_trial_24_on,843.7157186661498,3.0,24.0
333933.6973638399,resp_True,846.0656386653427,,
333933.6973945399,corr_True,846.0656693653436,,
333933.6974019399,rt_0.343,846.0656767653418,,
333933.69740563986,trial_24_end,846.0656804653117,,
333933.6974481399,main_block_3_trial_25_on,846.0657229653443,3.0,25.0
333936.70455653884,resp_False,849.0728313642903,,
333936.7045905388,corr_True,849.0728653642582,,
333936.70459573885,trial_25_end,849.0728705642978,,
333936.70461093885,main_block_3_trial_26_on,849.0728857642971,3.0,26.0
333939.27672263794,resp_True,851.644997463387,,
333939.276751238,corr_True,851.6450260634301,,
333939.276759938,rt_0.566,851.6450347634382,,
333939.27676363796,trial_26_end,851.6450384634081,,
333939.27680963796,main_block_3_trial_27_on,851.6450844634091,3.0,27.0
333942.2828509369,resp_False,854.6511257623788,,
333942.2828863369,corr_False,854.6511611623573,,
333942.2828920369,trial_27_end,854.6511668623425,,
333942.2829076369,main_block_3_trial_28_on,854.6511824623449,3.0,28.0
333945.28840703587,resp_False,857.656681861321,,
333945.28844103584,corr_True,857.6567158612888,,
333945.2884461359,trial_28_end,857.6567209613277,,
333945.2884618359,main_block_3_trial_29_on,857.6567366613308,3.0,29.0
333948.29556403484,resp_False,860.6638388602878,,
333948.2955987348,corr_True,860.663873560261,,
333948.2956044348,trial_29_end,860.6638792602462,,
333948.2956209348,main_block_3_trial_30_on,860.6638957602554,3.0,30.0
333951.3029630337,resp_False,863.6712378591765,,
333951.3029974337,corr_True,863.6712722591474,,
333951.3030030337,trial_30_end,863.6712778591318,,
333951.3030202337,main_block_3_trial_31_on,863.6712950591464,3.0,31.0
333954.30874803266,resp_False,866.6770228581154,,
333954.30878403265,corr_True,866.6770588580985,,
333954.3087891327,trial_31_end,866.6770639581373,,
333954.30880843266,main_block_3_trial_32_on,866.6770832581096,3.0,32.0
333956.6591686318,resp_True,869.0274434572784,,
333956.6592051319,corr_True,869.0274799573235,,
333956.6592125319,rt_0.344,869.0274873573217,,
333956.65921623184,trial_32_end,869.0274910572916,,
333956.65924243187,main_block_3_trial_33_on,869.0275172573165,3.0,33.0
333959.032975531,resp_True,871.4012503564591,,
333959.03300963104,corr_True,871.4012844564859,,
333959.033016231,rt_0.368,871.4012910564779,,
333959.03301993106,trial_33_end,871.4012947565061,,
333959.03304253105,main_block_3_trial_34_on,871.4013173565036,3.0,34.0
333961.4659708302,resp_True,873.8342456556275,,
333961.46599943016,corr_True,873.8342742556124,,
333961.46600613015,rt_0.427,873.8342809556052,,
333961.4660097302,trial_34_end,873.8342845556326,,
333961.46603643015,main_block_3_trial_35_on,873.8343112556031,3.0,35.0
333964.4735655291,resp_False,876.8418403545511,,
333964.47360002913,corr_True,876.841874854581,,
333964.4736052291,trial_35_end,876.8418800545624,,
333964.4736207291,main_block_3_trial_36_on,876.841895554564,3.0,36.0
333967.4806262281,resp_False,879.8489010535413,,
333967.48068292806,corr_False,879.8489577535074,,
333967.48068862804,trial_36_end,879.8489634534926,,
333967.4807083281,main_block_3_trial_37_on,879.8489831535262,3.0,37.0
333970.488121727,resp_False,882.8563965524663,,
333970.48815572704,corr_True,882.8564305524924,,
333970.488160727,trial_37_end,882.8564355524722,,
333970.488176427,main_block_3_trial_38_on,882.8564512524754,3.0,38.0
333973.495990426,resp_False,885.8642652514391,,
333973.49602572597,corr_True,885.8643005514168,,
333973.49603132595,trial_38_end,885.8643061514013,,
333973.49604702595,main_block_3_trial_39_on,885.8643218514044,3.0,39.0
333976.50300792494,resp_False,888.8712827503914,,
333976.5030417249,corr_True,888.8713165503577,,
333976.50304722495,trial_39_end,888.8713220503996,,
333976.5030631249,main_block_3_trial_40_on,888.8713379503461,3.0,40.0
333979.50919402385,resp_False,891.8774688492995,,
333979.5092286239,corr_True,891.8775034493301,,
333979.50923362386,trial_40_end,891.87750844931,,
333979.5092504239,main_block_3_trial_41_on,891.8775252493215,3.0,41.0
333982.51545212284,resp_False,894.8837269482901,,
333982.51548282284,corr_True,894.8837576482911,,
333982.5154876228,trial_41_end,894.8837624482694,,
333982.5155025228,main_block_3_trial_42_on,894.8837773482664,3.0,42.0
333985.023991822,resp_True,897.3922666474245,,
333985.02401972195,corr_True,897.3922945474042,,
333985.02402612194,rt_0.502,897.3923009473947,,
333985.024029922,trial_42_end,897.3923047474236,,
333985.02405532193,main_block_3_trial_43_on,897.3923301473842,3.0,43.0
333988.0282866209,resp_False,900.3965614463668,,
333988.0283224209,corr_True,900.3965972463484,,
333988.0283313209,trial_43_end,900.396606146358,,
333988.0283500209,main_block_3_trial_44_on,900.3966248463257,3.0,44.0
333991.03489571984,resp_False,903.4031705452944,,
333991.03492631984,corr_True,903.4032011452946,,
333991.0349314199,trial_44_end,903.4032062453334,,
333991.03494801983,main_block_3_trial_45_on,903.4032228452852,3.0,45.0
333994.0419096188,resp_False,906.4101844442775,,
333994.0419439188,corr_True,906.4102187442477,,
333994.0419493188,trial_45_end,906.4102241442306,,
333994.0419659188,main_block_3_trial_46_on,906.4102407442406,3.0,46.0
333996.49945931794,resp_True,908.867734143394,,
333996.49949221796,corr_True,908.8677670434117,,
333996.49949861795,rt_0.450,908.8677734434023,,
333996.49950381793,trial_46_end,908.8677786433836,,
333996.4995312179,main_block_3_trial_47_on,908.8678060433595,3.0,47.0
333998.8501004171,resp_True,911.2183752425481,,
333998.85013631714,corr_True,911.2184111425886,,
333998.8501427171,rt_0.343,911.2184175425791,,
333998.8501465171,trial_47_end,911.2184213425498,,
333998.85015151714,main_block_3_end,911.2184263425879,,
333998.8501561171,main_block_3_accuracy_0.94,911.2184309425647,,
334062.5336953949,"question_How_focused_did_you_feel?
(1_=_not_at_all,_5_=_very_focused)_resp_3",974.9019702203223,,
334065.6867248938,"question_How_difficult_was_this_block?
(1_=_very_easy,_5_=_very_hard)_resp_2",978.0549997192575,,
334066.7621278934,"question_Did_you_understand_the_task?
(y_=_yes,_n_=_no)_resp_y",979.1304027188453,,
334067.6847592931,"question_Do_you_feel_ready_to_continue?
(y_=_yes,_n_=_no)_resp_y",980.0530341185513,,
334072.22999739146,main_block_4_start,984.5982722169138,,
334072.2300304914,"sequence_A,Q,I,O,D,R,D,L,D,E,R,A,Y,W,M,W,B,P,H,P,H,L,H,A,V,A,R,A,R,M,B,B,B,V,B,V,B,D,K,S,K,P,K,F,J,B,Y,O",984.5983053168748,,
334072.2300447915,"targets_6,8,15,19,20,22,25,27,28,32,34,35,36,40,42",984.5983196169254,,
334072.23462769145,main_block_4_trial_0_on,984.6029025168973,4.0,0.0
334075.2418653904,resp_False,987.6101402158383,,
334075.2418977904,corr_True,987.6101726158522,,
334075.2419029904,trial_0_end,987.6101778158336,,
334075.2419187904,main_block_4_trial_1_on,987.6101936158375,4.0,1.0
334078.2492861893,resp_False,990.6175610147766,,
334078.24933658936,corr_True,990.6176114148111,,
334078.24934188934,trial_1_end,990.6176167147933,,
334078.24935898936,main_block_4_trial_2_on,990.617633814807,4.0,2.0
334081.2555881883,resp_False,993.6238630137523,,
334081.2556213883,corr_True,993.6238962137722,,
334081.2556273883,trial_2_end,993.6239022137597,,
334081.25564608834,main_block_4_trial_3_on,993.6239209137857,4.0,3.0
334084.2633050873,resp_False,996.6315799127333,,
334084.26333958725,corr_True,996.631614412705,,
334084.26334558724,trial_3_end,996.6316204126924,,
334084.26336248725,main_block_4_trial_4_on,996.6316373127047,4.0,4.0
334087.2691582862,resp_False,999.6374331116676,,
334087.2691889862,corr_True,999.6374638116686,,
334087.2691940862,trial_4_end,999.6374689116492,,
334087.2692090862,main_block_4_trial_5_on,999.637483911647,4.0,5.0
334090.27543778514,resp_False,1002.6437126105884,,
334090.27547808515,corr_True,1002.6437529106042,,
334090.27548338514,trial_5_end,1002.6437582105864,,
334090.27550088515,main_block_4_trial_6_on,1002.6437757106032,4.0,6.0
334092.85493758426,resp_True,1005.2232124097063,,
334092.85496808426,corr_True,1005.2232429097057,,
334092.85497448425,rt_0.572,1005.2232493096963,,
334092.8549780842,trial_6_end,1005.2232529096655,,
334092.8550094842,main_block_4_trial_7_on,1005.2232843096717,4.0,7.0
334095.8615391832,resp_False,1008.229814008635,,
334095.8615713832,corr_True,1008.2298462086474,,
334095.8615768832,trial_7_end,1008.229851708631,,
334095.8615931832,main_block_4_trial_8_on,1008.2298680086387,4.0,8.0
334098.86864188215,resp_False,1011.2369167075958,,
334098.8686755821,corr_False,1011.2369504075614,,
334098.86868088215,trial_8_end,1011.2369557076017,,
334098.86869738216,main_block_4_trial_9_on,1011.236972207611,4.0,9.0
334101.87473758106,resp_False,1014.243012406514,,
334101.8747731811,corr_True,1014.2430480065523,,
334101.8747781811,trial_9_end,1014.2430530065321,,
334101.8747943811,main_block_4_trial_10_on,1014.2430692065391,4.0,10.0
334104.87931738,resp_False,1017.2475922054728,,
334104.87935228006,corr_True,1017.2476271055057,,
334104.87935718003,trial_10_end,1017.2476320054848,,
334104.87937268004,main_block_4_trial_11_on,1017.2476475054864,4.0,11.0
334107.88600507897,resp_False,1020.2542799044168,,
334107.886041479,corr_True,1020.2543163044611,,
334107.886046679,trial_11_end,1020.2543215044425,,
334107.886064979,main_block_4_trial_12_on,1020.2543398044654,4.0,12.0
334110.89301207796,resp_False,1023.2612869034056,,
334110.89307057793,corr_True,1023.2613454033853,,
334110.89307897794,trial_12_end,1023.2613538033911,,
334110.89310557797,main_block_4_trial_13_on,1023.261380403419,4.0,13.0
334113.8995587769,resp_False,1026.2678336023237,,
334113.8995926769,corr_True,1026.267867502349,,
334113.8995979769,trial_13_end,1026.267872802331,,
334113.8996128769,main_block_4_trial_14_on,1026.2678877023282,4.0,14.0
334116.90601537586,resp_False,1029.2742902013124,,
334116.90605117584,corr_True,1029.274326001294,,
334116.9060560758,trial_14_end,1029.274330901273,,
334116.90607267583,main_block_4_trial_15_on,1029.274347501283,4.0,15.0
334119.5167349749,resp_True,1031.885009800375,,
334119.5167633749,corr_True,1031.8850382003584,,
334119.5167717749,rt_0.603,1031.8850466003641,,
334119.51677547494,trial_15_end,1031.8850503003923,,
334119.5168031749,main_block_4_trial_16_on,1031.8850780003704,4.0,16.0
334122.5247087739,resp_False,1034.892983599333,,
334122.52474247385,corr_True,1034.8930172992987,,
334122.5247475739,trial_16_end,1034.8930223993375,,
334122.5247639739,main_block_4_trial_17_on,1034.893038799346,4.0,17.0
334125.5308054728,resp_False,1037.899080298259,,
334125.53084927285,corr_True,1037.8991240983014,,
334125.53085507284,trial_17_end,1037.8991298982874,,
334125.53087197285,main_block_4_trial_18_on,1037.8991467982996,4.0,18.0
334128.53713487176,resp_False,1040.9054096972104,,
334128.5371706718,corr_True,1040.9054454972502,,
334128.5371759718,trial_18_end,1040.9054507972323,,
334128.5371936718,main_block_4_trial_19_on,1040.9054684972507,4.0,19.0
334131.5432502707,resp_False,1043.9115250961622,,
334131.5432829707,corr_False,1043.9115577961784,,
334131.5432881707,trial_19_end,1043.9115629961598,,
334131.5433038707,main_block_4_trial_20_on,1043.911578696163,4.0,20.0
334133.55082737,resp_True,1045.9191021954757,,
334133.55085707,corr_True,1045.919131895469,,
334133.55086677003,rt_0.000,1045.9191415954847,,
334133.55087257,trial_20_end,1045.9191473954706,,
334133.55089577,main_block_4_trial_21_on,1045.9191705954727,4.0,21.0
334136.55957026896,resp_False,1048.9278450944112,,
334136.559610469,corr_True,1048.9278852944262,,
334136.55961566896,trial_21_end,1048.9278904944076,,
334136.55963086896,main_block_4_trial_22_on,1048.927905694407,4.0,22.0
334138.9951304681,resp_True,1051.3634052935522,,
334138.9951619681,corr_True,1051.3634367935592,,
334138.9951692681,rt_0.429,1051.3634440935566,,
334138.99517286813,trial_22_end,1051.363447693584,,
334138.9951989681,main_block_4_trial_23_on,1051.36347379355,4.0,23.0
334142.00202426704,resp_False,1054.370299092494,,
334142.0020590671,corr_True,1054.370333892526,,
334142.00206406706,trial_23_end,1054.370338892506,,
334142.00208016706,main_block_4_trial_24_on,1054.3703549925121,4.0,24.0
334145.01048406604,resp_False,1057.3787588914856,,
334145.010520366,corr_True,1057.378795191471,,
334145.010525666,trial_24_end,1057.3788004914531,,
334145.01054486603,main_block_4_trial_25_on,1057.378819691483,4.0,25.0
334147.4244943652,resp_True,1059.7927691906225,,
334147.4245235652,corr_True,1059.7927983906702,,
334147.4245305652,rt_0.409,1059.7928053906653,,
334147.4245343652,trial_25_end,1059.792809190636,,
334147.4245612652,main_block_4_trial_26_on,1059.7928360906662,4.0,26.0
334150.4302108642,resp_False,1062.7984856896219,,
334150.43024516414,corr_True,1062.798519989592,,
334150.4302503641,trial_26_end,1062.7985251895734,,
334150.4302653642,main_block_4_trial_27_on,1062.7985401896294,4.0,27.0
334152.8216279633,resp_True,1065.1899027887266,,
334152.8216588633,corr_True,1065.189933688729,,
334152.8216660633,rt_0.384,1065.1899408887257,,
334152.8216696633,trial_27_end,1065.189944488753,,
334152.8217081633,main_block_4_trial_28_on,1065.1899829887552,4.0,28.0
334155.74070186226,resp_True,1068.1089766877121,,
334155.7407306623,corr_True,1068.1090054877568,,
334155.7407386623,rt_0.911,1068.1090134877595,,
334155.7407429623,trial_28_end,1068.109017787734,,
334155.7407913623,main_block_4_trial_29_on,1068.1090661877533,4.0,29.0
334158.74808566127,resp_False,1071.116360486718,,
334158.74812116125,corr_True,1071.1163959866972,,
334158.74812756124,trial_29_end,1071.1164023866877,,
334158.74814386124,main_block_4_trial_30_on,1071.1164186866954,4.0,30.0
334161.7543948602,resp_False,1074.122669685632,,
334161.7544304602,corr_True,1074.1227052856702,,
334161.7544359602,trial_30_end,1074.122710785654,,
334161.7544520602,main_block_4_trial_31_on,1074.12272688566,4.0,31.0
334164.44703805924,resp_True,1076.8153128846898,,
334164.44706945925,corr_False,1076.815344284696,,
334164.44707635924,rt_0.689,1076.8153511846904,,
334164.44708015927,trial_31_end,1076.8153549847193,,
334164.44710735924,main_block_4_trial_32_on,1076.8153821846936,4.0,32.0
334167.01607735833,resp_True,1079.3843521837844,,
334167.01611115836,corr_True,1079.384385983809,,
334167.01611865836,rt_0.565,1079.3843934838078,,
334167.0161223583,trial_32_end,1079.3843971837778,,
334167.01615375833,main_block_4_trial_33_on,1079.384428583784,4.0,33.0
334170.02336715726,resp_False,1082.3916419827146,,
334170.0234013573,corr_True,1082.3916761827422,,
334170.0234064573,trial_33_end,1082.3916812827229,,
334170.0234224573,main_block_4_trial_34_on,1082.3916972827283,4.0,34.0
334172.5771924564,resp_True,1084.9454672818538,,
334172.57723455643,corr_True,1084.9455093818833,,
334172.5772413564,rt_0.546,1084.9455161818769,,
334172.5772450564,trial_34_end,1084.9455198818468,,
334172.5772690564,main_block_4_trial_35_on,1084.945543881855,4.0,35.0
334175.02926335554,resp_True,1087.3975381809869,,
334175.02930535557,corr_True,1087.3975801810157,,
334175.02931275556,rt_0.445,1087.3975875810138,,
334175.02931685554,trial_35_end,1087.3975916809868,,
334175.0293459555,main_block_4_trial_36_on,1087.3976207809756,4.0,36.0
334177.3834551547,resp_True,1089.7517299801693,,
334177.3834863547,corr_True,1089.751761180174,,
334177.3834939547,rt_0.349,1089.7517687801737,,
334177.38349755475,trial_36_end,1089.7517723802011,,
334177.3835246547,main_block_4_trial_37_on,1089.7517994801747,4.0,37.0
334180.3908337537,resp_False,1092.7591085791355,,
334180.39086895366,corr_True,1092.7591437791125,,
334180.39087465365,trial_37_end,1092.7591494790977,,
334180.39089085365,main_block_4_trial_38_on,1092.7591656791046,4.0,38.0
334183.3976265526,resp_False,1095.7659013780649,,
334183.3976584526,corr_True,1095.765933278075,,
334183.3976640526,trial_38_end,1095.7659388780594,,
334183.3976792526,main_block_4_trial_39_on,1095.7659540780587,4.0,39.0
334186.40468195156,resp_False,1098.7729567770148,,
334186.40471885155,corr_True,1098.7729936770047,,
334186.4047254516,trial_39_end,1098.773000277055,,
334186.40474185155,main_block_4_trial_40_on,1098.7730166770052,4.0,40.0
334188.81048605073,resp_True,1101.1787608761806,,
334188.8105127507,corr_True,1101.178787576151,,
334188.8105193507,rt_0.399,1101.1787941761431,,
334188.8105232507,trial_40_end,1101.1787980761728,,
334188.8105479507,main_block_4_trial_41_on,1101.178822776128,4.0,41.0
334191.81655114965,resp_False,1104.1848259750986,,
334191.81658754963,corr_True,1104.1848623750848,,
334191.81659464963,trial_41_end,1104.1848694750806,,
334191.81661104964,main_block_4_trial_42_on,1104.184885875089,4.0,42.0
334194.8237234486,resp_False,1107.1919982740656,,
334194.8237585486,corr_False,1107.1920333740418,,
334194.82376374863,trial_42_end,1107.1920385740814,,
334194.82377964864,main_block_4_trial_43_on,1107.192054474086,4.0,43.0
334197.82983524754,resp_False,1110.19811007299,,
334197.82987584756,corr_True,1110.198150673008,,
334197.82988414756,trial_43_end,1110.198158973013,,
334197.82990484755,main_block_4_trial_44_on,1110.198179672996,4.0,44.0
334200.8373595465,resp_False,1113.2056343719596,,
334200.8373960465,corr_True,1113.2056708719465,,
334200.83740204654,trial_44_end,1113.2056768719922,,
334200.8374192465,main_block_4_trial_45_on,1113.2056940719485,4.0,45.0
334203.84433594544,resp_False,1116.21261077089,,
334203.8443720455,corr_True,1116.212646870932,,
334203.8443788455,trial_45_end,1116.2126536709256,,
334203.8443966455,main_block_4_trial_46_on,1116.2126714709448,4.0,46.0
334206.8512245444,resp_False,1119.2194993698504,,
334206.8512587444,corr_True,1119.219533569878,,
334206.8512635444,trial_46_end,1119.2195383698563,,
334206.8512790444,main_block_4_trial_47_on,1119.219553869858,4.0,47.0
334209.8576431434,resp_False,1122.2259179688408,,
334209.8576789434,corr_True,1122.2259537688224,,
334209.85768394335,trial_47_end,1122.2259587688022,,
334209.8576888434,main_block_4_end,1122.2259636688395,,
334209.8576968434,main_block_4_accuracy_0.92,1122.2259716688422,,
334272.5219538215,"question_How_focused_did_you_feel?
(1_=_not_at_all,_5_=_very_focused)_resp_2",1184.8902286469238,,
334275.06227912055,"question_How_difficult_was_this_block?
(1_=_very_easy,_5_=_very_hard)_resp_2",1187.4305539460038,,
334277.8937538196,"question_Did_you_understand_the_task?
(y_=_yes,_n_=_no)_resp_y",1190.2620286450256,,
334278.8850196192,"question_Do_you_feel_ready_to_continue?
(y_=_yes,_n_=_no)_resp_y",1191.253294444643,,
334283.9759605175,main_block_5_start,1196.3442353429273,,
334283.9759923175,"sequence_R,R,Z,Z,H,V,V,V,T,T,C,J,H,H,E,R,Y,Y,Y,Q,Q,Z,J,P,P,D,R,R,R,H,M,D,B,D,M,V,Z,J,J,P,P,P,B,Y,Q,S,F,O",1196.3442671429366,,
334283.97600541747,"targets_1,3,6,7,9,13,17,18,20,24,27,28,38,40,41",1196.34428024292,,
334283.98049931746,main_block_5_trial_0_on,1196.3487741429126,5.0,0.0
334286.9877603164,resp_False,1199.3560351418564,,
334286.9877935164,corr_True,1199.3560683418764,,
334286.9877993164,trial_0_end,1199.3560741418623,,
334286.9878163164,main_block_5_trial_1_on,1199.3560911418754,5.0,1.0
334289.36622651556,resp_True,1201.7345013410086,,
334289.36625461554,corr_True,1201.7345294409897,,
334289.36626151553,rt_0.374,1201.734536340984,,
334289.36626531556,trial_1_end,1201.734540141013,,
334289.36628831556,main_block_5_trial_2_on,1201.7345631410135,5.0,2.0
334292.3726375145,resp_False,1204.7409123399411,,
334292.3726702145,corr_True,1204.7409450399573,,
334292.3726759145,trial_2_end,1204.7409507399425,,
334292.3726915145,main_block_5_trial_3_on,1204.7409663399449,5.0,3.0
334294.7574450137,resp_True,1207.125719839125,,
334294.7574708137,corr_True,1207.1257456391468,,
334294.7574774137,rt_0.381,1207.1257522391388,,
334294.75748091366,trial_3_end,1207.1257557391073,,
334294.75750511367,main_block_5_trial_4_on,1207.125779939117,5.0,4.0
334297.76407611265,resp_False,1210.1323509381036,,
334297.7641108126,corr_True,1210.1323856380768,,
334297.76411581266,trial_4_end,1210.1323906381149,,
334297.7641322126,main_block_5_trial_5_on,1210.1324070380651,5.0,5.0
334300.77126421157,resp_False,1213.1395390370162,,
334300.7712983116,corr_True,1213.139573137043,,
334300.7713042116,trial_5_end,1213.1395790370298,,
334300.7713199116,main_block_5_trial_6_on,1213.139594737033,5.0,6.0
334303.1060965108,resp_True,1215.4743713362259,,
334303.1061230108,corr_True,1215.474397836253,,
334303.1061295108,rt_0.331,1215.4744043362443,,
334303.10613311076,trial_6_end,1215.4744079362135,,
334303.1061599108,main_block_5_trial_7_on,1215.474434736243,5.0,7.0
334305.49837050994,resp_True,1217.8666453353944,,
334305.49839990993,corr_True,1217.8666747353855,,
334305.49840621,rt_0.387,1217.8666810354334,,
334305.49840980995,trial_7_end,1217.8666846354026,,
334305.49843910994,main_block_5_trial_8_on,1217.866713935393,5.0,8.0
334308.5043475089,resp_False,1220.8726223343401,,
334308.5043808089,corr_True,1220.8726556343609,,
334308.5043864089,trial_8_end,1220.8726612343453,,
334308.5044020089,main_block_5_trial_9_on,1220.8726768343477,5.0,9.0
334310.85179600806,resp_True,1223.220070833515,,
334310.85182680807,corr_True,1223.2201016335166,,
334310.85183340806,rt_0.343,1223.2201082335087,,
334310.851836808,trial_9_end,1223.2201116334763,,
334310.85186270805,main_block_5_trial_10_on,1223.220137533499,5.0,10.0
334313.857846107,resp_False,1226.2261209324352,,
334313.857880407,corr_True,1226.2261552324635,,
334313.857887107,trial_10_end,1226.2261619324563,,
334313.85790490697,main_block_5_trial_11_on,1226.2261797324172,5.0,11.0
334316.86619040597,resp_False,1229.2344652314205,,
334316.86622600595,corr_True,1229.2345008314005,,
334316.86623200594,trial_11_end,1229.234506831388,,
334316.86624850595,main_block_5_trial_12_on,1229.2345233313972,5.0,12.0
334319.8727020049,resp_False,1232.2409768303623,,
334319.8727381049,corr_True,1232.2410129303462,,
334319.8727432049,trial_12_end,1232.2410180303268,,
334319.8727597049,main_block_5_trial_13_on,1232.241034530336,5.0,13.0
334322.2828625041,resp_True,1234.6511373295216,,
334322.2828935041,corr_True,1234.6511683295248,,
334322.2829008041,rt_0.405,1234.6511756295222,,
334322.2829046041,trial_13_end,1234.6511794295511,,
334322.28293040406,main_block_5_trial_14_on,1234.6512052295147,5.0,14.0
334325.28958530305,resp_False,1237.6578601285,,
334325.28961750306,corr_True,1237.6578923285124,,
334325.28962320305,trial_14_end,1237.6578980284976,,
334325.28964010306,main_block_5_trial_15_on,1237.6579149285099,5.0,15.0
334328.297234402,resp_False,1240.6655092274304,,
334328.29727000196,corr_True,1240.6655448274105,,
334328.297274902,trial_15_end,1240.6655497274478,,
334328.297291002,main_block_5_trial_16_on,1240.665565827454,5.0,16.0
334331.30549890094,resp_False,1243.6737737263902,,
334331.30553210096,corr_True,1243.6738069264102,,
334331.30553710094,trial_16_end,1243.67381192639,,
334331.30555330095,main_block_5_trial_17_on,1243.673828126397,5.0,17.0
334333.68033460004,resp_True,1246.0486094254884,,
334333.68036100006,corr_True,1246.0486358255148,,
334333.68036730005,rt_0.371,1246.0486421255046,,
334333.6803710001,trial_17_end,1246.0486458255327,,
334333.68039600004,main_block_5_trial_18_on,1246.0486708254903,5.0,18.0
334336.08025709924,resp_True,1248.4485319246887,,
334336.08028679923,corr_True,1248.448561624682,,
334336.0802934992,rt_0.396,1248.4485683246749,,
334336.08029739925,trial_18_end,1248.4485722247045,,
334336.0803161992,main_block_5_trial_19_on,1248.448591024673,5.0,19.0
334339.0862160982,resp_False,1251.454490923672,,
334339.0862469982,corr_True,1251.4545218236744,,
334339.0862525982,trial_19_end,1251.4545274236589,,
334339.0862680982,main_block_5_trial_20_on,1251.4545429236605,5.0,20.0
334341.4334801974,resp_True,1253.8017550228396,,
334341.4335060974,corr_True,1253.8017809228622,,
334341.4335127974,rt_0.343,1253.801787622855,,
334341.4335164974,trial_20_end,1253.801791322825,,
334341.4335406974,main_block_5_trial_21_on,1253.8018155228347,5.0,21.0
334344.44221649633,resp_False,1256.810491321783,,
334344.44225099636,corr_True,1256.810525821813,,
334344.44225599634,trial_21_end,1256.8105308217928,,
334344.44227079634,main_block_5_trial_22_on,1256.810545621789,5.0,22.0
334347.4500740953,resp_False,1259.8183489207295,,
334347.4501077953,corr_True,1259.8183826207533,,
334347.4501131953,trial_22_end,1259.8183880207362,,
334347.4501312953,main_block_5_trial_23_on,1259.8184061207576,5.0,23.0
334350.4577481942,resp_False,1262.8260230196756,,
334350.45778249425,corr_True,1262.826057319704,,
334350.45778739423,trial_23_end,1262.826062219683,,
334350.45780309424,main_block_5_trial_24_on,1262.8260779196862,5.0,24.0
334352.7680704934,resp_True,1265.1363453188678,,
334352.7681022934,corr_True,1265.1363771188771,,
334352.76812169346,rt_0.304,1265.1363965189084,,
334352.76812589343,trial_24_end,1265.1364007188822,,
334352.7681537934,main_block_5_trial_25_on,1265.1364286188618,5.0,25.0
334355.77371859236,resp_False,1268.141993417812,,
334355.7737521924,corr_True,1268.142027017835,,
334355.77375719236,trial_25_end,1268.142032017815,,
334355.7737738924,main_block_5_trial_26_on,1268.1420487178257,5.0,26.0
334358.7821507913,resp_False,1271.1504256167682,,
334358.78218509135,corr_True,1271.1504599167965,,
334358.7821904913,trial_26_end,1271.1504653167794,,
334358.78220739134,main_block_5_trial_27_on,1271.1504822167917,5.0,27.0
334361.3254851904,resp_True,1273.6937600158271,,
334361.3255125904,corr_True,1273.6937874158612,,
334361.3255198904,rt_0.538,1273.6937947158585,,
334361.3255239904,trial_27_end,1273.6937988158315,,
334361.3255477904,main_block_5_trial_28_on,1273.6938226158381,5.0,28.0
334363.7224027896,resp_True,1276.0906776150223,,
334363.7224357896,corr_True,1276.0907106150407,,
334363.7224434896,rt_0.392,1276.0907183150412,,
334363.72244708956,trial_28_end,1276.0907219150104,,
334363.7224740896,main_block_5_trial_29_on,1276.0907489150413,5.0,29.0
334366.7296271885,resp_False,1279.0979020139785,,
334366.72966218856,corr_True,1279.0979370140121,,
334366.72966788855,trial_29_end,1279.0979427139973,,
334366.7296869885,main_block_5_trial_30_on,1279.0979618139681,5.0,30.0
334369.7366768875,resp_False,1282.1049517129431,,
334369.73671198747,corr_True,1282.1049868129194,,
334369.7367172875,trial_30_end,1282.1049921129597,,
334369.7367339875,main_block_5_trial_31_on,1282.1050088129705,5.0,31.0
334372.74288968643,resp_False,1285.11116451188,,
334372.74292398646,corr_True,1285.1111988119083,,
334372.74293018645,trial_31_end,1285.1112050118973,,
334372.74294718646,main_block_5_trial_32_on,1285.1112220119103,5.0,32.0
334375.7488393854,resp_False,1288.1171142108506,,
334375.7488719854,corr_True,1288.117146810866,,
334375.7488768854,trial_32_end,1288.117151710845,,
334375.7488922854,main_block_5_trial_33_on,1288.117167110846,5.0,33.0
334378.7554320844,resp_False,1291.123706909828,,
334378.75546408433,corr_True,1291.1237389097805,,
334378.75546868437,trial_33_end,1291.1237435098155,,
334378.75548468437,main_block_5_trial_34_on,1291.123759509821,5.0,34.0
334381.7631483833,resp_False,1294.1314232087461,,
334381.7631819833,corr_True,1294.1314568087691,,
334381.7631868833,trial_34_end,1294.1314617087482,,
334381.7632035833,main_block_5_trial_35_on,1294.131478408759,5.0,35.0
334384.77064578224,resp_False,1297.1389206076856,,
334384.77067858225,corr_True,1297.1389534077025,,
334384.77068408224,trial_35_end,1297.1389589076862,,
334384.77070048224,main_block_5_trial_36_on,1297.1389753076946,5.0,36.0
334387.7768216812,resp_False,1300.1450965066324,,
334387.7768563812,corr_True,1300.1451312066638,,
334387.7768612812,trial_36_end,1300.145136106643,,
334387.7768777812,main_block_5_trial_37_on,1300.1451526066521,5.0,37.0
334390.7840013801,resp_False,1303.1522762055392,,
334390.7840356801,corr_True,1303.1523105055676,,
334390.7840402801,trial_37_end,1303.1523151055444,,
334390.7840570801,main_block_5_trial_38_on,1303.152331905556,5.0,38.0
334393.18285717926,resp_True,1305.551132004708,,
334393.18289647927,corr_True,1305.5511713047163,,
334393.1829024793,rt_0.395,1305.551177304762,,
334393.1829060793,trial_38_end,1305.5511809047312,,
334393.1829303793,main_block_5_trial_39_on,1305.5512052047416,5.0,39.0
334396.19065067824,resp_False,1308.5589255036903,,
334396.1906858782,corr_True,1308.5589607036673,,
334396.19069097826,trial_39_end,1308.558965803706,,
334396.1907084782,main_block_5_trial_40_on,1308.5589833036647,5.0,40.0
334398.5075458774,resp_True,1310.8758207028732,,
334398.5075820774,corr_True,1310.8758569028578,,
334398.5075889774,rt_0.313,1310.875863802852,,
334398.50759287743,trial_40_end,1310.8758677028818,,
334398.5076203774,main_block_5_trial_41_on,1310.8758952028584,5.0,41.0
334400.90005447663,resp_True,1313.2683293020818,,
334400.9001021766,corr_True,1313.2683770020376,,
334400.9001135766,rt_0.388,1313.2683884020662,,
334400.9001177766,trial_41_end,1313.26839260204,,
334400.90016137663,main_block_5_trial_42_on,1313.268436202081,5.0,42.0
334403.9074994756,resp_False,1316.2757743010297,,
334403.90753357555,corr_True,1316.2758084009984,,
334403.9075379756,trial_42_end,1316.2758128010319,,
334403.9075538756,main_block_5_trial_43_on,1316.2758287010365,5.0,43.0
334406.9131981745,resp_False,1319.2814729999518,,
334406.9132345745,corr_True,1319.281509399938,,
334406.91324067453,trial_43_end,1319.2815154999844,,
334406.9132571745,main_block_5_trial_44_on,1319.2815319999354,5.0,44.0
334409.9193390735,resp_False,1322.2876138989232,,
334409.91937637347,corr_True,1322.2876511989161,,
334409.91938127344,trial_44_end,1322.2876560988952,,
334409.91939947347,main_block_5_trial_45_on,1322.2876742989174,5.0,45.0
334412.92618947243,resp_False,1325.2944642978837,,
334412.9262228724,corr_True,1325.294497697847,,
334412.92622817244,trial_45_end,1325.2945029978873,,
334412.92624387244,main_block_5_trial_46_on,1325.2945186978905,5.0,46.0
334415.9323430713,resp_False,1328.300617896777,,
334415.9323885713,corr_True,1328.3006633967743,,
334415.9323948713,trial_46_end,1328.300669696764,,
334415.9324262713,main_block_5_trial_47_on,1328.3007010967704,5.0,47.0
334418.93874507025,resp_False,1331.3070198956993,,
334418.9387794703,corr_True,1331.3070542957284,,
334418.93878487026,trial_47_end,1331.3070596957114,,
334418.93879097025,main_block_5_end,1331.3070657956996,,
334418.93879767024,main_block_5_accuracy_1.00,1331.3070724956924,,
334483.04632654786,"question_How_focused_did_you_feel?
(1_=_not_at_all,_5_=_very_focused)_resp_2",1395.4146013733116,,
334489.6072375456,"question_How_difficult_was_this_block?
(1_=_very_easy,_5_=_very_hard)_resp_1",1401.9755123710493,,
334490.9007753451,"question_Did_you_understand_the_task?
(y_=_yes,_n_=_no)_resp_y",1403.269050170551,,
334491.7960943448,"question_Do_you_feel_ready_to_continue?
(y_=_yes,_n_=_no)_resp_y",1404.164369170263,,
334493.56381314417,main_block_6_start,1405.932087969617,,
334493.56384294416,"sequence_J,L,Q,V,Q,L,V,Q,M,V,R,O,H,Q,O,H,B,H,J,U,H,L,U,N,I,I,X,A,Y,P,A,M,P,X,M,P,E,X,P,W,P,P,V,P,R,A,P,F",1405.932117769611,,
334493.5638545442,"targets_6,7,9,14,15,20,22,30,32,34,35,38,41,43,46",1405.9321293696412,,
334493.5683447442,main_block_6_trial_0_on,1405.936619569664,6.0,0.0
334496.57549004315,resp_False,1408.9437648685998,,
334496.57552284317,corr_True,1408.9437976686168,,
334496.57552784315,trial_0_end,1408.9438026685966,,
334496.57554454316,main_block_6_trial_1_on,1408.9438193686074,6.0,1.0
334499.5834413421,resp_False,1411.9517161675612,,
334499.5834728421,corr_True,1411.9517476675683,,
334499.5834778421,trial_1_end,1411.9517526675481,,
334499.5834935421,main_block_6_trial_2_on,1411.9517683675513,6.0,2.0
334502.58990794106,resp_False,1414.9581827665097,,
334502.58994284103,corr_True,1414.9582176664844,,
334502.589948041,trial_2_end,1414.9582228664658,,
334502.589963541,main_block_6_trial_3_on,1414.9582383664674,6.0,3.0
334505.59638264,resp_False,1417.9646574654616,,
334505.59641553997,corr_True,1417.9646903654211,,
334505.59642144,trial_3_end,1417.964696265466,,
334505.59643764,main_block_6_trial_4_on,1417.964712465473,6.0,4.0
334508.60286913894,resp_False,1420.971143964387,,
334508.602904539,corr_True,1420.9711793644237,,
334508.60290943895,trial_4_end,1420.9711842644028,,
334508.60292653897,main_block_6_trial_5_on,1420.9712013644166,6.0,5.0
334511.6105369379,resp_False,1423.9788117633434,,
334511.6105800379,corr_True,1423.9788548633223,,
334511.6105855379,trial_5_end,1423.9788603633642,,
334511.6106016379,main_block_6_trial_6_on,1423.9788764633704,6.0,6.0
334513.6170079372,resp_True,1425.9852827626746,,
334513.6170317372,corr_True,1425.985306562623,,
334513.6170392372,rt_0.000,1425.985314062622,,
334513.6170437372,trial_6_end,1425.9853185626562,,
334513.6170626372,main_block_6_trial_7_on,1425.9853374626255,6.0,7.0
334516.1622645363,resp_True,1428.53053936176,,
334516.1622961363,corr_True,1428.5305709617678,,
334516.1623035363,rt_0.528,1428.530578361766,,
334516.16230743635,trial_7_end,1428.5305822617956,,
334516.1623328363,main_block_6_trial_8_on,1428.5306076617562,6.0,8.0
334519.1676493353,resp_False,1431.5359241607366,,
334519.1676810353,corr_True,1431.5359558607452,,
334519.1676862353,trial_8_end,1431.5359610607265,,
334519.1677030353,main_block_6_trial_9_on,1431.535977860738,6.0,9.0
334522.1757688342,resp_False,1434.54404365964,,
334522.1758048342,corr_False,1434.544079659623,,
334522.17581033416,trial_9_end,1434.5440851596068,,
334522.17582653416,main_block_6_trial_10_on,1434.5441013596137,6.0,10.0
334525.1831498331,resp_False,1437.5514246585662,,
334525.18318263313,corr_True,1437.5514574585832,,
334525.1831873331,trial_10_end,1437.5514621585608,,
334525.1832036331,main_block_6_trial_11_on,1437.5514784585685,6.0,11.0
334528.19025873207,resp_False,1440.558533557516,,
334528.1902932321,corr_True,1440.558568057546,,
334528.1902982321,trial_11_end,1440.5585730575258,,
334528.1903142321,main_block_6_trial_12_on,1440.5585890575312,6.0,12.0
334531.197436331,resp_False,1443.565711156465,,
334531.19746923103,corr_True,1443.5657440564828,,
334531.197474731,trial_12_end,1443.5657495564665,,
334531.197490631,main_block_6_trial_13_on,1443.5657654564711,6.0,13.0
334534.20286352996,resp_False,1446.5711383554153,,
334534.20289883,corr_True,1446.5711736554513,,
334534.20290413,trial_13_end,1446.5711789554334,,
334534.20292412996,main_block_6_trial_14_on,1446.571198955411,6.0,14.0
334536.51220822916,resp_True,1448.8804830546142,,
334536.51223792916,corr_True,1448.8805127546075,,
334536.51224432915,rt_0.302,1448.880519154598,,
334536.5122480292,trial_14_end,1448.8805228546262,,
334536.51227542915,main_block_6_trial_15_on,1448.880550254602,6.0,15.0
334539.1491874283,resp_True,1451.5174622537452,,
334539.1492117283,corr_True,1451.5174865537556,,
334539.1492181283,rt_0.629,1451.5174929537461,,
334539.1492216283,trial_15_end,1451.5174964537728,,
334539.1492478283,main_block_6_trial_16_on,1451.5175226537394,6.0,16.0
334542.15684912726,resp_False,1454.5251239527133,,
334542.1568814273,corr_True,1454.5251562527264,,
334542.15688632726,trial_16_end,1454.5251611527056,,
334542.15690152725,main_block_6_trial_17_on,1454.5251763527049,6.0,17.0
334545.1647801261,resp_False,1457.5330549515784,,
334545.16481372615,corr_True,1457.5330885516014,,
334545.16481882613,trial_17_end,1457.533093651582,,
334545.16483462614,main_block_6_trial_18_on,1457.533109451586,6.0,18.0
334548.1725017251,resp_False,1460.540776550537,,
334548.1725363251,corr_True,1460.5408111505676,,
334548.1725417251,trial_18_end,1460.5408165505505,,
334548.1725574251,main_block_6_trial_19_on,1460.5408322505536,6.0,19.0
334551.178951424,resp_False,1463.5472262494732,,
334551.17898642406,corr_True,1463.5472612495068,,
334551.17899122403,trial_19_end,1463.5472660494852,,
334551.17900732404,main_block_6_trial_20_on,1463.5472821494914,6.0,20.0
334553.8001344232,resp_True,1466.1684092486394,,
334553.8001663232,corr_True,1466.1684411486494,,
334553.8001732232,rt_0.614,1466.1684480486438,,
334553.80017712316,trial_20_end,1466.1684519486153,,
334553.80020072317,main_block_6_trial_21_on,1466.1684755486203,6.0,21.0
334556.80592902214,resp_False,1469.1742038475932,,
334556.8059630221,corr_True,1469.174237847561,,
334556.80596792215,trial_21_end,1469.1742427475983,,
334556.8059841221,main_block_6_trial_22_on,1469.174258947547,6.0,22.0
334559.812822821,resp_False,1472.1810976464767,,
334559.812856321,corr_False,1472.1811311464407,,
334559.81286212103,trial_22_end,1472.181136946485,,
334559.81287812104,main_block_6_trial_23_on,1472.1811529464903,6.0,23.0
334561.8197299203,resp_True,1474.1880047457526,,
334561.8197598203,corr_False,1474.1880346457474,,
334561.8197690203,rt_0.000,1474.1880438457592,,
334561.8197745203,trial_23_end,1474.188049345743,,
334561.8197988203,main_block_6_trial_24_on,1474.1880736457533,6.0,24.0
334564.8266199193,resp_False,1477.1948947447236,,
334564.8266527193,corr_True,1477.1949275447405,,
334564.8266582193,trial_24_end,1477.1949330447242,,
334564.8266740193,main_block_6_trial_25_on,1477.194948844728,6.0,25.0
334567.83122421824,resp_False,1480.1994990436942,,
334567.8312567182,corr_True,1480.1995315436507,,
334567.83126221824,trial_25_end,1480.1995370436925,,
334567.83127801825,main_block_6_trial_26_on,1480.1995528436964,6.0,26.0
334570.8387927172,resp_False,1483.2070675426512,,
334570.83882531716,corr_True,1483.2071001426084,,
334570.8388304172,trial_26_end,1483.2071052426472,,
334570.83884741715,main_block_6_trial_27_on,1483.207122242602,6.0,27.0
334573.84606791614,resp_False,1486.2143427415867,,
334573.84610101616,corr_True,1486.214375841606,,
334573.84610621614,trial_27_end,1486.2143810415873,,
334573.84612161614,main_block_6_trial_28_on,1486.2143964415882,6.0,28.0
334576.8524563151,resp_False,1489.2207311405218,,
334576.8524913151,corr_True,1489.2207661405555,,
334576.8524963151,trial_28_end,1489.2207711405354,,
334576.8525124151,main_block_6_trial_29_on,1489.2207872405415,6.0,29.0
334579.85978311405,resp_False,1492.228057939501,,
334579.859815614,corr_True,1492.2280904394574,,
334579.85982101405,trial_29_end,1492.2280958394986,,
334579.85983691405,main_block_6_trial_30_on,1492.2281117395032,6.0,30.0
334582.2483240132,resp_True,1494.6165988386492,,
334582.2483535132,corr_True,1494.616628338641,,
334582.24836011324,rt_0.383,1494.6166349386913,,
334582.2483635132,trial_30_end,1494.616638338659,,
334582.24838921323,main_block_6_trial_31_on,1494.61666403868,6.0,31.0
334585.2555690122,resp_False,1497.6238438376458,,
334585.25560041214,corr_True,1497.623875237594,,
334585.2556060122,trial_31_end,1497.6238808376365,,
334585.2556219122,main_block_6_trial_32_on,1497.6238967376412,6.0,32.0
334588.26261731115,resp_False,1500.6308921365999,,
334588.26265381114,corr_False,1500.6309286365868,,
334588.2626590111,trial_32_end,1500.6309338365681,,
334588.2626750111,main_block_6_trial_33_on,1500.6309498365736,6.0,33.0
334591.2692497101,resp_False,1503.6375245355302,,
334591.26928381005,corr_True,1503.6375586354989,,
334591.2692905101,trial_33_end,1503.6375653355499,,
334591.26930791006,main_block_6_trial_34_on,1503.6375827355077,6.0,34.0
334593.8811051091,resp_True,1506.2493799345684,,
334593.8811356091,corr_True,1506.2494104345678,,
334593.88114260917,rt_0.605,1506.2494174346211,,
334593.88114640914,trial_34_end,1506.2494212345919,,
334593.88117280917,main_block_6_trial_35_on,1506.2494476346183,6.0,35.0
334596.8883702081,resp_False,1509.2566450335435,,
334596.8884057081,corr_False,1509.2566805335227,,
334596.8884112081,trial_35_end,1509.2566860335646,,
334596.8884270081,main_block_6_trial_36_on,1509.2567018335685,6.0,36.0
334599.8950630071,resp_False,1512.2633378325263,,
334599.89509560703,corr_True,1512.2633704324835,,
334599.8951010071,trial_36_end,1512.2633758325246,,
334599.8951167071,main_block_6_trial_37_on,1512.2633915325277,6.0,37.0
334602.901762606,resp_False,1515.2700374314445,,
334602.901795406,corr_True,1515.2700702314614,,
334602.901800906,trial_37_end,1515.270075731445,,
334602.901815906,main_block_6_trial_38_on,1515.270090731443,6.0,38.0
334605.90818490495,resp_False,1518.276459730405,,
334605.90822010493,corr_False,1518.276494930382,,
334605.908225805,trial_38_end,1518.2765006304253,,
334605.908241405,main_block_6_trial_39_on,1518.2765162304277,6.0,39.0
334608.9158922039,resp_False,1521.284167029371,,
334608.9159254039,corr_True,1521.2842002293328,,
334608.9159303039,trial_39_end,1521.28420512937,,
334608.9159455039,main_block_6_trial_40_on,1521.2842203293694,6.0,40.0
334611.9216029029,resp_False,1524.2898777283262,,
334611.92163560283,corr_True,1524.2899104282842,,
334611.9216406029,trial_40_end,1524.2899154283223,,
334611.92166180286,main_block_6_trial_41_on,1524.289936628309,6.0,41.0
334614.420730202,resp_True,1526.7890050274436,,
334614.420755302,corr_True,1526.7890301274601,,
334614.420762502,rt_0.495,1526.7890373274568,,
334614.420766402,trial_41_end,1526.7890412274282,,
334614.42078840197,main_block_6_trial_42_on,1526.7890632274211,6.0,42.0
334617.42763510096,resp_False,1529.7959099264117,,
334617.42766610096,corr_True,1529.795940926415,,
334617.42767100094,trial_42_end,1529.795945826394,,
334617.42768590094,main_block_6_trial_43_on,1529.795960726391,6.0,43.0
334619.90430950007,resp_True,1532.2725843255175,,
334619.90433630004,corr_True,1532.2726111254888,,
334619.9043434001,rt_0.470,1532.2726182255428,,
334619.90434710006,trial_43_end,1532.2726219255128,,
334619.90436660004,main_block_6_trial_44_on,1532.2726414254867,6.0,44.0
334622.910490299,resp_False,1535.2787651244435,,
334622.91052709904,corr_True,1535.2788019244908,,
334622.910532199,trial_44_end,1535.2788070244715,,
334622.91054889903,main_block_6_trial_45_on,1535.2788237244822,6.0,45.0
334625.917674898,resp_False,1538.2859497234458,,
334625.91770729795,corr_True,1538.2859821234015,,
334625.917712298,trial_45_end,1538.2859871234396,,
334625.917727898,main_block_6_trial_46_on,1538.286002723442,6.0,46.0
334628.69204739697,resp_True,1541.0603222224163,,
334628.692072397,corr_True,1541.060347222432,,
334628.692079197,rt_0.768,1541.0603540224256,,
334628.692082997,trial_46_end,1541.0603578224545,,
334628.69210729696,main_block_6_trial_47_on,1541.0603821224067,6.0,47.0
334631.6992322959,resp_False,1544.0675071213627,,
334631.69926509593,corr_True,1544.0675399213796,,
334631.6992711959,trial_47_end,1544.067546021368,,
334631.6992771959,main_block_6_end,1544.0675520213554,,
334631.6992868959,main_block_6_accuracy_0.88,1544.067561721371,,
334634.22627779504,resp_False,1546.5945526204887,,
